Feature,Importance
tariff_rate,0.15693793565946076
per_capita_income,0.15510664934399696
ecommerce_adoption,0.15264402596291765
internet_penetration,0.12940776235333035
5g_coverage,0.12787223284126487
individualism,0.09003665414259944
inflation_rate,0.06879221895572622
gdp_growth,0.04797823012336226
uncertainty_avoidance,0.03266645464335801
export_volume,0.030380596711656514
sme_industry_Manufacturing,0.0048549827742508335
sme_industry_IT,0.0033222564880760084
